,city,state,lat,lon,pop,density,value
0,New York,NY,40.6943,-73.9249,18680025,10768.0,0.960246460891086
1,Los Angeles,CA,34.1141,-118.4068,12531334,3267.0,0.9373501562714491
2,Chicago,IL,41.8375,-87.6866,8586888,4576.0,0.9156712505587432
3,Miami,FL,25.784,-80.2101,6076316,4945.0,0.8958366803722536
4,Dallas,TX,32.7935,-96.7667,5910669,1522.0,0.8942514893909125
5,Houston,TX,29.786,-95.3885,5724418,1394.0,0.8924151776511583
6,Philadelphia,PA,40.0077,-75.1339,5540199,4544.0,0.890539159463377
7,Atlanta,GA,33.7628,-84.422,5151496,1419.0,0.8863671708551598
8,Washington,DC,38.9047,-77.0163,5066973,4434.0,0.8854183607326122
9,Boston,MA,42.3188,-71.0852,4465966,5505.0,0.8781771791045135
10,Phoenix,AZ,33.5722,-112.0892,4187723,1236.0,0.8744878021971213
11,Detroit,MI,42.3834,-83.1024,3731486,1871.0,0.8678721874113777
12,San Francisco,CA,37.7558,-122.4449,3557982,7199.0,0.8651414746160481
13,Seattle,WA,47.6211,-122.3244,3530752,3414.0,0.8647008574322631
14,San Diego,CA,32.8313,-117.1222,3178495,1675.0,0.858672961877188
15,Minneapolis,MN,44.9635,-93.2678,2885614,3035.0,0.8531287150160948
16,Tampa,FL,27.9945,-82.4447,2771700,1340.0,0.8508187475914327
17,Brooklyn,NY,40.6501,-73.9496,2736074,15200.0,0.8500767929741212
18,Denver,CO,39.762,-104.8758,2709398,1805.0,0.8495148800947834
19,Queens,NY,40.7498,-73.7976,2405464,8503.0,0.8426909017804803
20,Baltimore,MD,39.3051,-76.6144,2270087,2872.0,0.8393687931648335
21,Las Vegas,NV,36.2333,-115.2654,2165405,1754.0,0.8366611514362235
22,St. Louis,MO,38.6359,-90.2451,2144317,1905.0,0.8360998838846397
23,Riverside,CA,33.9381,-117.3949,2112239,1556.0,0.8352354386461694
24,Portland,OR,45.5371,-122.65,2072553,1881.0,0.8341476192351601
25,San Antonio,TX,29.4632,-98.5238,2036324,1183.0,0.8331362149394731
26,Sacramento,CA,38.5677,-121.4685,1882358,1971.0,0.8286271263852412
27,San Juan,PR,18.3985,-66.061,1854549,2982.0,0.8277735125755701
28,San Jose,CA,37.3012,-121.848,1797166,2229.0,0.8259708997466069
29,Orlando,FL,28.4773,-81.337,1792047,994.0,0.8258073060654706
30,Cleveland,OH,41.4764,-81.6805,1742437,1903.0,0.8241972089854779
31,Pittsburgh,PA,40.4397,-79.9763,1719289,2100.0,0.8234301873932963
32,Manhattan,NY,40.7834,-73.9662,1694263,28653.0,0.8225892318622904
33,Austin,TX,30.3005,-97.7522,1685522,1165.0,0.8222925757183264
34,Cincinnati,OH,39.1413,-84.506,1684800,1501.0,0.8222680033994877
35,Indianapolis,IN,39.7771,-86.1458,1636763,928.0,0.8206090125260965
36,Kansas City,MO,39.1238,-94.5541,1602005,602.0,0.8193779731459119
37,Columbus,OH,39.9862,-82.9855,1547862,1560.0,0.8174061261637345
38,Charlotte,NC,35.2083,-80.8303,1526465,1094.0,0.8166077819665123
39,Virginia Beach,VA,36.7335,-76.0435,1475522,711.0,0.8146610877619277
40,Bronx,NY,40.8501,-73.8662,1472654,13356.0,0.8145495026610209
41,Milwaukee,WI,43.0642,-87.9675,1390046,2379.0,0.8112385940531729
42,Providence,RI,41.823,-71.4187,1204385,3764.0,0.8030161318026542
43,Jacksonville,FL,30.3322,-81.6749,1165107,466.0,0.8011145534031267
44,Salt Lake City,UT,40.7776,-111.9311,1135747,700.0,0.7996507899609006
45,Nashville,TN,36.1715,-86.7842,1081876,541.0,0.796863814771821
46,Raleigh,NC,35.8324,-78.6429,1073795,1232.0,0.7964338181983269
47,Memphis,TN,35.1087,-89.9663,1072330,846.0,0.7963555179730694
48,Richmond,VA,37.5295,-77.4756,1025117,1476.0,0.7937731132853723
49,Louisville,KY,38.1663,-85.6485,1004821,906.0,0.7926262213843459
50,New Orleans,LA,30.0687,-89.9288,957783,891.0,0.7898765570650963
51,Bridgeport,CT,41.1918,-73.1954,948918,3485.0,0.7893432472114811
52,Oklahoma City,OK,35.4676,-97.5136,947247,413.0,0.789242163595475
53,Buffalo,NY,42.9018,-78.8487,926607,2446.0,0.7879786735047447
54,Hartford,CT,41.7661,-72.6834,918434,2722.0,0.7874705624413718
55,Fort Worth,TX,32.7817,-97.3474,892221,992.0,0.7858098604913643
56,Tucson,AZ,32.1541,-110.8787,883127,873.0,0.7852222959402828
57,Honolulu,HI,21.3294,-157.846,834138,2214.0,0.7819491946802796
58,McAllen,TX,26.2252,-98.2467,805270,883.0,0.7799291783855422
59,El Paso,TX,31.8476,-106.43,798217,1015.0,0.7794246430657004
60,Omaha,NE,41.2627,-96.0529,791432,1307.0,0.7789350541451864
61,Albuquerque,NM,35.1054,-106.6465,762853,1155.0,0.7768257186718311
62,Birmingham,AL,33.5279,-86.7971,753721,553.0,0.7761350211806414
63,Sarasota,FL,27.3387,-82.5432,727388,1518.0,0.7740954474119728
64,Dayton,OH,39.7805,-84.2003,723844,971.0,0.7738153313169683
65,Rochester,NY,43.168,-77.6162,720189,2227.0,0.773525001578058
66,Fresno,CA,36.783,-119.7939,702486,1763.0,0.7720976074060183
67,Tulsa,OK,36.1283,-95.9042,698349,786.0,0.7717588567598291
68,Allentown,PA,40.5961,-75.4756,688658,2664.0,0.7709574050848216
69,Concord,CA,37.9722,-122.0016,667250,1633.0,0.7691462222351225
70,Cape Coral,FL,26.6443,-81.9957,649339,690.0,0.7675856756468912
71,Charleston,SC,32.8168,-79.9687,645413,461.0,0.767237863000577
72,Colorado Springs,CO,38.8674,-104.7605,621332,932.0,0.7650570522671736
73,Springfield,MA,42.1155,-72.5395,615728,1861.0,0.7645374265151009
74,Grand Rapids,MI,42.9619,-85.6562,615273,1719.0,0.7644950296892079
75,Ogden,UT,41.2279,-111.9682,615015,1221.0,0.7644709753596212
76,Columbia,SC,34.0378,-80.9036,609689,378.0,0.7639721447483262
77,Baton Rouge,LA,30.442,-91.1311,605449,993.0,0.7635719030343339
78,Knoxville,TN,35.9692,-83.9496,603685,733.0,0.7634045610985756
79,Mission Viejo,CA,33.6096,-117.6551,600802,2091.0,0.7631300096827338
80,Albany,NY,42.6664,-73.7987,590823,1747.0,0.7621694200348745
81,Akron,OH,41.0798,-81.5219,570375,1230.0,0.7601493343709147
82,New Haven,CT,41.3113,-72.9246,566683,2693.0,0.7597768904127932
83,Provo,UT,40.2457,-111.6457,563884,1082.0,0.7594929103741216
84,Bakersfield,CA,35.3529,-119.0359,556892,979.0,0.7587773132866272
85,Murrieta,CA,33.5719,-117.1909,524133,1310.0,0.755300285003296
86,Des Moines,IA,41.5725,-93.6105,519180,943.0,0.7547557355771012
87,Worcester,MA,42.2705,-71.8079,516483,1913.0,0.7544570296775509
88,Mesa,AZ,33.4015,-111.7178,508918,1416.0,0.7536107704674978
89,Toledo,OH,41.6638,-83.5827,498645,1319.0,0.7524412159787762
90,Palm Bay,FL,27.9631,-80.6593,496640,508.0,0.7522101437046395
91,Staten Island,NY,40.5834,-74.1496,495747,3286.0,0.752106926797234
92,Wichita,KS,37.6895,-97.3443,484715,930.0,0.7508162361927817
93,Harrisburg,PA,40.2752,-76.8843,472261,2342.0,0.7493233982406434
94,Long Beach,CA,33.7977,-118.167,462081,3518.0,0.748073601391932
95,Little Rock,AR,34.7256,-92.3577,446814,637.0,0.7461466925275526
96,Madison,WI,43.0822,-89.393,445499,1253.0,0.745977652645913
97,Greenville,SC,34.8354,-82.3646,441303,905.0,0.7454349119469604
98,Reno,NV,39.5497,-119.8483,440547,890.0,0.7453365770842921
99,Port St. Lucie,FL,27.2796,-80.3884,435182,634.0,0.7446338515070866
100,Lancaster,PA,40.042,-76.3012,430621,3169.0,0.7440295894339883
101,Spokane,WA,47.6671,-117.433,426849,1230.0,0.7435250026354512
102,Denton,TX,33.2175,-97.1418,425901,559.0,0.743397485919006
103,Poughkeepsie,NY,41.695,-73.9211,423386,2277.0,0.7430578097212868
104,Oakland,CA,37.7904,-122.2166,422575,2917.0,0.7429478456075642
105,Winston-Salem,NC,36.1029,-80.261,416394,715.0,0.7421027593870557
106,Syracuse,NY,43.0407,-76.1437,407942,2196.0,0.7409266417193375
107,Boise,ID,43.6005,-116.2308,407550,1047.0,0.7408715042627987
108,Chattanooga,TN,35.066,-85.2481,404766,491.0,0.7404783832511163
109,Augusta,GA,33.3645,-82.0708,404125,252.0,0.7403874864813009
110,Arlington,TX,32.6998,-97.125,397269,1600.0,0.7394061551816835
111,Stockton,CA,37.9765,-121.3109,394919,1930.0,0.7390658871023563
112,Durham,NC,35.9792,-78.9022,391371,945.0,0.7385482991733286
113,Palm Coast,FL,29.5389,-81.2457,386415,357.0,0.7378174001412341
114,Scranton,PA,41.4044,-75.6649,380870,1174.0,0.7369884417424214
115,Aurora,CO,39.7083,-104.7237,379434,914.0,0.7367717970698503
116,Oxnard,CA,34.1964,-119.1815,378990,3023.0,0.7367046462553052
117,Modesto,CA,37.6375,-121.0028,376717,1923.0,0.7363596394725528
118,Indio,CA,33.7346,-116.2346,367174,1045.0,0.7348880733607869
119,Kissimmee,FL,28.3041,-81.4169,366003,1299.0,0.7347048719706608
120,Youngstown,OH,41.0993,-80.6463,363541,730.0,0.7343177760985027
121,Pensacola,FL,30.4413,-87.1911,360711,901.0,0.7338695684373043
122,Lancaster,CA,34.6935,-118.1753,353619,645.0,0.7327307239076432
123,Anaheim,CA,33.839,-117.8574,353085,2711.0,0.7326440508489348
124,Fayetteville,AR,36.0714,-94.1661,350995,617.0,0.7323035596531506
125,Jackson,MS,32.3157,-90.2125,350373,566.0,0.7322018353123416
126,Victorville,CA,34.5277,-117.3536,350275,644.0,0.7321857915387429
127,Bonita Springs,FL,26.3558,-81.7859,347581,580.0,0.7317429847556902
128,Greensboro,NC,36.0956,-79.8271,343505,877.0,0.7310664541492148
129,Corpus Christi,TX,27.7254,-97.3767,343031,776.0,0.7309872595749822
130,Flint,MI,43.0236,-83.6921,339283,1108.0,0.7303571733270736
131,Fayetteville,NC,35.085,-78.9772,333366,550.0,0.7293481421075659
132,Santa Ana,CA,33.7367,-117.8819,332610,4697.0,0.7292179322882204
133,Fort Wayne,IN,41.0888,-85.1436,329170,935.0,0.7286216813860517
134,Mobile,AL,30.6782,-88.1162,328610,525.0,0.7285240278889906
135,Lansing,MI,42.7142,-84.5601,326380,1158.0,0.7281334998644727
136,Ann Arbor,MI,42.2759,-83.731,323593,1657.0,0.7276416589571789
137,Huntsville,AL,34.6981,-86.6412,317279,353.0,0.7265115308785058
138,Lexington,KY,38.0423,-84.4587,316743,438.0,0.7264145600964106
139,Santa Rosa,CA,38.4458,-122.7067,313875,1619.0,0.7258928897970962
140,Antioch,CA,37.9787,-121.796,313532,1475.0,0.7258301814813481
141,Asheville,NC,35.5707,-82.5537,312618,783.0,0.7256627456309577
142,Henderson,NV,36.0133,-115.0381,309955,1126.0,0.7251721045980537
143,St. Paul,MN,44.9478,-93.1039,305877,2272.0,0.7244125278699016
144,Fort Collins,CO,40.5477,-105.0656,304657,1120.0,0.7241833192810894
145,Lakeland,FL,28.0557,-81.9545,300268,643.0,0.7233510727350407
146,Springfield,MO,37.1943,-93.2916,295230,785.0,0.7223806330446327
147,The Woodlands,TX,30.1738,-95.5134,294943,1020.0,0.722324852477314
148,Shreveport,LA,32.4653,-93.7955,291388,680.0,0.7216293760676844
149,Trenton,NJ,40.2237,-74.7641,291085,4248.0,0.7215697072817054
150,Plano,TX,33.0502,-96.7486,288870,1555.0,0.7211316187562331
151,Round Lake Beach,IL,42.3791,-88.0811,287012,2090.0,0.7207615400942314
152,South Bend,IN,41.6767,-86.2696,285569,944.0,0.7204724650167088
153,Savannah,GA,32.0286,-81.1821,284429,525.0,0.7202430549709591
154,Newark,NJ,40.7245,-74.1725,281917,4508.0,0.7197342855758981
155,Davenport,IA,41.5565,-90.6053,281895,618.0,0.7197298097962315
156,Myrtle Beach,SC,33.7094,-78.8844,281180,552.0,0.719584156484835
157,Lincoln,NE,40.8099,-96.6784,280780,1131.0,0.7195025104695797
158,Rockford,IL,42.2596,-89.064,280337,881.0,0.7194119516562795
159,Reading,PA,40.34,-75.9267,278693,3464.0,0.7190746268470094
160,Canton,OH,40.8078,-81.3676,277769,1039.0,0.7188841609655229
161,Irvine,CA,33.6772,-117.7738,272694,1604.0,0.7178266118357325
162,Eugene,OR,44.0564,-123.1174,270013,1489.0,0.7172599613615306
163,Chula Vista,CA,32.6281,-117.0144,268779,2090.0,0.7169972522635121
164,St. Petersburg,FL,27.7931,-82.6652,264001,1648.0,0.7159685487856459
165,Salem,OR,44.9233,-123.0244,263571,1359.0,0.7158750583579319
166,Lafayette,LA,30.2082,-92.0325,263551,876.0,0.7158707062547179
167,Laredo,TX,27.5625,-99.4874,262774,944.0,0.7157013708897572
168,Jersey City,NJ,40.7184,-74.0686,262652,6878.0,0.7156747373670885
169,Santa Clarita,CA,34.4175,-118.4964,260999,1159.0,0.7153126505678598
170,Aguadilla,PR,18.4382,-67.1537,260331,1681.0,0.7151656752811943
171,Wilmington,NC,34.2099,-77.8866,260170,917.0,0.7151301951959493
172,Lubbock,TX,33.5657,-101.8879,257835,737.0,0.7146131408323756
173,Chandler,AZ,33.2825,-111.8514,257076,1520.0,0.7144440616053682
174,Scottsdale,AZ,33.6872,-111.8651,254995,535.0,0.7139779127493356
175,Tallahassee,FL,30.4551,-84.2527,254250,737.0,0.7138101057228117
176,Montgomery,AL,32.3482,-86.2668,253540,480.0,0.7136497240198064
177,Peoria,IL,40.752,-89.6154,253461,906.0,0.7136318509722134
178,Glendale,AZ,33.5791,-112.2311,250290,1568.0,0.712909802439159
179,Columbus,GA,32.51,-84.8771,249510,348.0,0.7127307917203615
180,Anchorage,AK,61.1508,-149.1091,248902,66.0,0.7125908666166134
181,Gilbert,AZ,33.31,-111.7463,248349,1398.0,0.7124633020734424
182,North Las Vegas,NV,36.2883,-115.0888,247248,942.0,0.712208478443688
183,Avondale,AZ,33.3873,-112.3235,247103,703.0,0.7121748340326142
184,McKinney,TX,33.2016,-96.667,244536,1102.0,0.7115759209200347
185,Norfolk,VA,36.8945,-76.259,244300,1770.0,0.7115205439502048
186,Chesapeake,VA,36.6778,-76.3023,242647,276.0,0.711131164381127
187,Kennewick,WA,46.1978,-119.1732,240876,1162.0,0.710711034376377
188,Winter Haven,FL,28.0118,-81.7014,240768,510.0,0.7106853139631809
189,Irving,TX,32.8583,-96.9702,240475,1386.0,0.7106154772837515
190,Garland,TX,32.91,-96.6304,238622,1612.0,0.7101718334328213
191,York,PA,39.9651,-76.7315,236818,3211.0,0.7097365990133968
192,Concord,NC,35.3933,-80.6369,236626,572.0,0.7096900818773474
193,Arlington,VA,38.8786,-77.1011,236434,3511.0,0.7096435269816436
194,Atlantic City,NJ,39.3797,-74.4527,236314,1356.0,0.7096144109697495
195,Visalia,CA,36.3276,-119.3269,235184,1354.0,0.7093395077964746
196,Fremont,CA,37.5265,-121.9843,234829,1157.0,0.7092528716955758
197,Hialeah,FL,25.8696,-80.3045,233876,4184.0,0.7090196471553435
198,Nashua,NH,42.7491,-71.491,231409,1115.0,0.7084114638419028
199,Killeen,TX,31.0753,-97.7297,231312,1045.0,0.7083874183944158
200,Gulfport,MS,30.4274,-89.0704,230156,497.0,0.7081000774699122
201,Brownsville,TX,25.9975,-97.458,229387,534.0,0.7079081306492393
202,Evansville,IN,37.9881,-87.5341,227338,965.0,0.7073935298924579
203,Appleton,WI,44.278,-88.3892,225728,1150.0,0.7069859182642136
204,Navarre,FL,30.4174,-86.8907,223951,625.0,0.7065326373689773
205,Bel Air South,MD,39.5022,-76.3113,222834,998.0,0.706245865975356
206,Kalamazoo,MI,42.2749,-85.5882,220561,1189.0,0.7056578450493942
207,Bremerton,WA,47.5436,-122.7121,219538,560.0,0.7053912166736096
208,Spring Valley,NV,36.0952,-115.2636,218697,2378.0,0.7051710914541346
209,San Bernardino,CA,34.1416,-117.2943,216784,1347.0,0.7046672094071145
210,Roanoke,VA,37.2785,-79.9581,216388,900.0,0.7045623481008245
211,Spartanburg,SC,34.9442,-81.9251,216021,720.0,0.7044649945543765
212,Tacoma,WA,47.2431,-122.4531,215766,1675.0,0.7043972536483213
213,Enterprise,NV,36.0091,-115.2278,214591,1255.0,0.7040840762533508
214,Green Bay,WI,44.5148,-87.9895,214438,887.0,0.7040431704305148
215,Portland,ME,43.6773,-70.2715,213986,1195.0,0.7039221537775527
216,Thousand Oaks,CA,34.1914,-118.8756,212806,891.0,0.7036050165854579
217,Fontana,CA,34.0968,-117.4599,212704,1906.0,0.7035775205080331
218,Hickory,NC,35.741,-81.3223,211042,515.0,0.7031276288217809
219,Moreno Valley,CA,33.9244,-117.2045,208751,1570.0,0.7025016285217814
220,Deltona,FL,28.905,-81.2137,205914,950.0,0.7017168464646054
221,Fargo,ND,46.8651,-96.8292,205472,957.0,0.7015936060185859
222,Santa Barbara,CA,34.4285,-119.7202,205215,1799.0,0.7015218261668122
223,College Station,TX,30.5852,-96.2959,203848,873.0,0.7011385072386399
224,Gainesville,FL,29.6804,-82.3459,203541,816.0,0.7010520682867384
225,Amarillo,TX,35.1984,-101.8316,202902,751.0,0.7008717325075593
226,Norwich,CT,41.5495,-72.0882,201726,538.0,0.7005383575716976
227,Olympia,WA,47.0417,-122.8959,200836,1108.0,0.7002847639827161
228,Yonkers,NY,40.9466,-73.8673,200183,4292.0,0.7000979845945738
229,Huntington Beach,CA,33.696,-118.0018,199778,2857.0,0.6999818349569862
230,Glendale,CA,34.1819,-118.2468,199357,2525.0,0.6998608468233731
231,Aurora,IL,41.7638,-88.2902,199326,1709.0,0.6998519278614448
232,Huntington,WV,38.4109,-82.4345,199133,1098.0,0.6997963689107093
233,Sunrise Manor,NV,36.1783,-115.0487,198187,2269.0,0.6995232625197287
234,North Port,FL,27.0576,-82.1977,195848,267.0,0.698842366404696
235,Hagerstown,MD,39.6401,-77.7217,194602,1270.0,0.6984763214524212
236,Grand Prairie,TX,32.6871,-97.0208,193835,1031.0,0.6982498279904598
237,Overland Park,KS,38.887,-94.687,193412,993.0,0.6981245332585873
238,Paradise,NV,36.0872,-115.1355,193150,1758.0,0.6980467900373798
239,Tempe,AZ,33.3881,-111.9319,191607,1852.0,0.6975867855615144
240,Salinas,CA,36.6883,-121.6317,190345,2564.0,0.6972077914347479
241,Erie,PA,42.1167,-80.0733,189513,1948.0,0.6969565547369853
242,Cedar Rapids,IA,41.9662,-91.6783,188618,712.0,0.6966850596993204
243,Waterbury,CT,41.5582,-73.0361,188607,1460.0,0.6966817148808635
244,Frisco,TX,33.156,-96.8216,188387,1059.0,0.6966147775139402
245,Waco,TX,31.5599,-97.1882,186695,599.0,0.6960973405923625
246,Gastonia,NC,35.2494,-81.1854,184902,572.0,0.6955438735130746
247,Clarksville,TN,36.5692,-87.3413,183798,606.0,0.6952004124050236
248,Vancouver,WA,45.6366,-122.5967,182792,1448.0,0.6948856384506641
249,Lorain,OH,41.4409,-82.184,182015,1044.0,0.6946413297998214
250,Nampa,ID,43.5844,-116.5638,181887,1116.0,0.6946009832987292
251,Fort Lauderdale,FL,26.1412,-80.1464,181818,2029.0,0.6945792222331686
252,Hemet,CA,33.7341,-116.9969,180380,1116.0,0.6941238196885215
253,Newport News,VA,37.1051,-76.5185,179582,1005.0,0.6938695308608491
254,Ontario,CA,34.0393,-117.6064,178194,1376.0,0.6934245300794059
255,Rancho Cucamonga,CA,34.1247,-117.5667,178060,1714.0,0.6933813855831629
256,Vallejo,CA,38.1125,-122.2342,177255,1539.0,0.693121511234226
257,Oceanside,CA,33.2247,-117.3083,175694,1643.0,0.692614200429593
258,Vero Beach South,FL,27.6132,-80.4163,174748,939.0,0.6923045609178013
259,Ocala,FL,29.178,-82.1511,174618,490.0,0.692261879084257
260,Sioux Falls,SD,43.5396,-96.7311,173921,883.0,0.6920324955134226
261,Danbury,CT,41.4015,-73.4709,173508,777.0,0.691896142568288
262,Elk Grove,CA,38.4161,-121.3842,173370,1594.0,0.6918505091832228
263,High Point,NC,35.991,-79.9937,173324,770.0,0.6918352899826191
264,Garden Grove,CA,33.7787,-117.9601,172800,3715.0,0.6916616378034346
265,Peoria,AZ,33.7843,-112.2989,172109,377.0,0.6914318354698946
266,Pembroke Pines,FL,26.0128,-80.3382,171979,2031.0,0.6913884989354053
267,Medford,OR,42.3372,-122.854,171660,1224.0,0.6912820187756142
268,Murfreesboro,TN,35.849,-86.4121,169243,869.0,0.6904687512378173
269,Cary,NC,35.7819,-78.8195,169177,1102.0,0.6904463811209554
270,Lafayette,IN,40.3991,-86.8593,168164,953.0,0.6901019344785386
271,Corona,CA,33.8616,-117.5649,168112,1625.0,0.6900841971664631
272,Santa Cruz,CA,36.9789,-122.0346,165933,1970.0,0.6893359609116946
273,Spring Hill,FL,28.4798,-82.53,165526,732.0,0.6891951147083349
274,Muskegon,MI,43.2281,-86.2562,164136,1018.0,0.6887114673524485
275,Manchester,NH,42.9848,-71.4447,163488,1312.0,0.6884845957196045
276,Marysville,WA,48.0809,-122.1561,162700,1295.0,0.688207493875904
277,Springfield,IL,39.7709,-89.654,162348,726.0,0.688083278411329
278,Frederick,MD,39.4337,-77.4141,158866,1158.0,0.6868398189073486
279,Hayward,CA,37.6328,-122.0766,158817,1338.0,0.6868221266828665
280,Alexandria,VA,38.8185,-77.0861,158309,4092.0,0.6866383829364977
281,Bayamón,PR,18.3794,-66.1635,157517,2250.0,0.6863507368001412
282,Port Arthur,TX,29.8554,-93.9264,156988,273.0,0.6861578027593161
283,Lakewood,CO,39.6977,-105.1172,155733,1383.0,0.6856974726903843
284,Fredericksburg,VA,38.2992,-77.4872,155414,1073.0,0.6855798731700925
285,Leesburg,FL,28.7672,-81.8962,154301,232.0,0.6851676663933655
286,Hollywood,FL,26.0293,-80.1679,153834,2177.0,0.6849938236708002
287,Palmdale,CA,34.5944,-118.1057,153240,557.0,0.6847719405460331
288,Macon,GA,32.8065,-83.6974,153026,236.0,0.6846917920475664
289,Kansas City,KS,39.1235,-94.7443,153014,473.0,0.6846872944210789
290,Champaign,IL,40.1142,-88.2737,152940,1486.0,0.6846595512611345
291,Sunnyvale,CA,37.3836,-122.0255,152569,2670.0,0.6845202578905745
292,Pasadena,TX,29.6575,-95.1498,152537,1348.0,0.6845082275045048
293,Pomona,CA,34.0585,-117.7626,151124,2538.0,0.6839744790734392
294,Escondido,CA,33.1348,-117.0723,150396,1554.0,0.6836975322222344
295,Mauldin,SC,34.7821,-82.3032,149687,842.0,0.683426521805928
296,New Bedford,MA,41.6697,-70.9428,149570,1840.0,0.6833816759932096
297,Panama City,FL,30.1995,-85.6003,149366,395.0,0.6833033993219679
298,Tuscaloosa,AL,33.2348,-87.5268,149302,627.0,0.6832788199025797
299,Warner Robins,GA,32.5961,-83.6527,148171,786.0,0.6828427084645451
300,Naperville,IL,41.748,-88.1659,147734,1459.0,0.6826733098781002
301,Merced,CA,37.3057,-120.4779,147690,1396.0,0.6826562259695296
302,Elkhart,IN,41.6916,-85.9627,147679,739.0,0.6826519541971274
303,Joliet,IL,41.5188,-88.1499,147323,881.0,0.6825135320500286
304,Binghamton,NY,42.1014,-75.9093,146870,1651.0,0.6823369093403575
305,Houma,LA,29.58,-90.7059,146665,882.0,0.6822568016201458
306,Bellevue,WA,47.5951,-122.1535,146145,1686.0,0.682053098243267
307,Topeka,KS,39.0346,-95.6955,145717,790.0,0.6818848901611447
308,Paterson,NJ,40.9147,-74.1624,145484,6676.0,0.6817931111266572
309,Lake Charles,LA,30.201,-93.2111,145029,658.0,0.6816134614195238
310,Torrance,CA,33.8346,-118.3416,144430,2717.0,0.6813760942135096
311,Thornton,CO,39.9197,-104.9438,144186,1549.0,0.6812791214305447
312,Tyler,TX,32.3184,-95.3062,143616,711.0,0.6810519456918811
313,Athens,GA,33.9508,-83.3689,143081,414.0,0.6808378975458478
314,Beaumont,TX,30.0849,-94.1451,142759,549.0,0.6807086824109966
315,Pueblo,CO,38.2701,-104.6114,142726,779.0,0.6806954234045933
316,Odessa,TX,31.8801,-102.3448,142581,926.0,0.6806371277819351
317,Mesquite,TX,32.7602,-96.5865,142429,1134.0,0.6805759542065974
318,Fairfield,CA,38.2583,-122.0335,142042,1081.0,0.6804199078739576
319,Pasadena,CA,34.1597,-118.139,142017,2388.0,0.6804098127469103
320,Charleston,WV,38.3484,-81.6322,141640,579.0,0.6802573623942137
321,Fullerton,CA,33.8841,-117.9279,141061,2429.0,0.680022435812694
322,Miramar,FL,25.9773,-80.3351,140479,1879.0,0.6797853181912012
323,Midland,TX,32.0243,-102.1147,140111,722.0,0.6796348806551955
324,Gainesville,GA,34.2902,-83.8294,139507,479.0,0.679387108315425
325,Orange,CA,33.8038,-117.8218,139322,2095.0,0.6793110031413074
326,Olathe,KS,38.8833,-94.82,139216,868.0,0.6792673513805503
327,Santa Maria,CA,34.9333,-120.4431,139072,1786.0,0.6792079976003351
328,Surprise,AZ,33.6815,-112.4515,139007,486.0,0.6791811858291452
329,Roseville,CA,38.7703,-121.3196,138860,1216.0,0.6791205037103988
330,Metairie,LA,29.9977,-90.178,138511,2299.0,0.6789761775902582
331,Yuma,AZ,32.5995,-114.5491,137612,311.0,0.6786027219903583
332,Carrollton,TX,32.989,-96.8999,137319,1446.0,0.6784804788759418
333,Burlington,NC,36.076,-79.4685,137096,699.0,0.6783872656701246
334,West Valley City,UT,40.6886,-112.0123,135610,1461.0,0.677762224322596
335,Hampton,VA,37.0551,-76.363,135169,1014.0,0.6775754125134286
336,Racine,WI,42.7274,-87.8135,134679,1918.0,0.6773671276611036
337,Greeley,CO,40.4152,-104.7706,134417,847.0,0.6772554478889374
338,Harlingen,TX,26.1916,-97.6977,134306,625.0,0.6772080675135611
339,Carolina,PR,18.4054,-65.9792,134207,2502.0,0.6771657762919326
340,Warren,MI,42.4934,-83.027,134188,1507.0,0.6771576562267847
341,Grand Junction,CO,39.0877,-108.5673,134074,606.0,0.6771089116782552
342,Coral Springs,FL,26.2702,-80.2591,133370,2252.0,0.676806971340813
343,Columbia,MO,38.9472,-92.3268,132806,711.0,0.6765639238216283
344,Bloomington,IL,40.4757,-88.9703,132710,1106.0,0.6765224512574287
345,Sterling Heights,MI,42.5809,-83.0305,132296,1401.0,0.6763432564914202
346,Stamford,CT,41.1039,-73.5585,130057,1334.0,0.6753643100410247
347,Kent,WA,47.3887,-122.2128,130038,1487.0,0.675355930853091
348,Bellingham,WA,48.7548,-122.469,129653,1246.0,0.6751858777810698
349,Las Cruces,NM,32.3265,-106.7893,129538,516.0,0.6751349847538292
350,Greenville,NC,35.5943,-77.376,129374,979.0,0.6750623286576289
351,Round Rock,TX,30.527,-97.6642,128812,1321.0,0.6748126481461918
352,Elizabeth,NJ,40.6658,-74.1913,128484,4027.0,0.6746664232312786
353,South Lyon,MI,42.4614,-83.6526,128071,1219.0,0.6744817728211037
354,Simi Valley,CA,34.2663,-118.749,126782,1168.0,0.6739016135945967
355,Santa Clara,CA,37.3646,-121.968,126723,2677.0,0.6738749176173876
356,Yakima,WA,46.5923,-120.5496,126487,1302.0,0.6737680092719069
357,Johnson City,TN,36.3406,-82.3806,126265,596.0,0.6736672607186828
358,Dover,DE,39.161,-75.5202,125931,617.0,0.6735153498456694
359,Pearland,TX,29.5581,-95.3218,125817,998.0,0.6734634077838286
360,Lynchburg,VA,37.4003,-79.1909,125710,638.0,0.6734146123115389
361,Fort Smith,AR,35.3495,-94.3695,125306,529.0,0.6732299999965191
362,Yuba City,CA,39.1357,-121.6383,124815,1718.0,0.673004829115756
363,Lehigh Acres,FL,26.612,-81.6388,124523,518.0,0.6728704985291208
364,Kenosha,WI,42.5865,-87.8773,123865,1359.0,0.6725666363612911
365,Arecibo,PR,18.4491,-66.7387,123499,970.0,0.6723969194027751
366,Berkeley,CA,37.8722,-122.276,123065,4554.0,0.6721950172991004
367,Boulder,CO,40.0248,-105.2524,122549,1595.0,0.6719540392103657
368,Texas City,TX,29.4154,-94.9682,122017,288.0,0.6717045242616833
369,Iowa City,IA,41.6559,-91.5303,120928,1144.0,0.6711903584970381
370,Waldorf,MD,38.6085,-76.9194,120707,827.0,0.6710854494632597
371,East Los Angeles,CA,34.0326,-118.1691,120504,6242.0,0.6709889156717169
372,Redding,CA,40.5698,-122.365,120370,595.0,0.6709251047156763
373,Arvada,CO,39.832,-105.151,120229,1193.0,0.6708578836060148
374,The Villages,FL,28.9034,-81.9887,119296,963.0,0.6704110834415185
375,Saginaw,MI,43.4199,-83.9501,118845,1093.0,0.6701938517314306
376,Ponce,PR,18.0127,-66.6212,118641,1497.0,0.670095320798587
377,Richardson,TX,32.9716,-96.7093,118583,1602.0,0.6700672761688478
378,Sugar Land,TX,29.5935,-95.6358,118563,1131.0,0.6700576024262813
379,Leominster,MA,42.5209,-71.7717,118190,557.0,0.6698768874965356
380,St. Cloud,MN,45.534,-94.1718,118139,660.0,0.6698521341741279
381,Duluth,MN,46.7756,-92.1393,117934,462.0,0.6697525276043806
382,Cambridge,MA,42.3759,-71.1185,117822,7115.0,0.6696980352422688
383,Monroe,LA,32.5185,-92.0774,117197,623.0,0.6693929941129729
384,Independence,MO,39.0871,-94.3501,117139,579.0,0.6693646038560402
385,Rochester,MN,44.0154,-92.478,116962,814.0,0.6692778776369757
386,Rock Hill,SC,34.9415,-81.0241,116746,736.0,0.6691718642697564
387,Bloomington,IN,39.1637,-86.5257,116615,1407.0,0.6691074735325907
388,Billings,MT,45.7891,-108.5526,116593,945.0,0.6690966527275943
389,Seaside,CA,36.6224,-121.8199,116189,1473.0,0.6688975795544922
390,Clearwater,FL,27.979,-82.7623,115975,1716.0,0.6687918492819757
391,Brandon,FL,27.9367,-82.3,115909,1350.0,0.6687592015138811
392,Burlington,VT,44.4876,-73.2316,115682,1596.0,0.6686467708820685
393,Pottstown,PA,40.2508,-75.6445,115413,1801.0,0.6685132521314129
394,Waterloo,IA,42.4918,-92.3522,115266,424.0,0.6684401567954737
395,West Jordan,UT,40.6024,-112.0008,115181,1375.0,0.6683978482378605
396,Coeur d'Alene,ID,47.704,-116.7936,114880,1234.0,0.6682477747164645
397,Westminster,CO,39.8837,-105.0624,114832,1403.0,0.6682238063799465
398,St. George,UT,37.0758,-113.5752,114612,429.0,0.668113823157135
399,Gilroy,CA,37.0046,-121.5854,114461,1289.0,0.6680382124256424
400,Carlsbad,CA,33.1246,-117.2834,114411,1169.0,0.6680131537751117
401,El Monte,CA,34.0739,-118.0291,113917,4602.0,0.6677649840572505
402,North Charleston,SC,32.9067,-80.0722,113880,566.0,0.6677463531475663
403,Chico,CA,39.7578,-121.8161,113201,1116.0,0.6674033717201293
404,Temecula,CA,33.4928,-117.1315,113117,1171.0,0.6673607981037616
405,Costa Mesa,CA,33.6667,-117.9135,112958,2759.0,0.6672801257015353
406,Utica,NY,43.0962,-75.2261,112948,1384.0,0.6672750481707245
407,Clovis,CA,36.8278,-119.683,112663,1711.0,0.6671301492490621
408,Norman,OK,35.2335,-97.3471,112576,267.0,0.6670858439148821
409,Elgin,IL,42.0383,-88.324,112062,1137.0,0.666823385207241
410,Centennial,CO,39.5926,-104.8673,111331,1446.0,0.6664480410156521
411,Lowell,MA,42.6389,-71.3217,111311,3157.0,0.6664377370776917
412,Downey,CA,33.9379,-118.1311,111263,3462.0,0.6664130000710178
413,Pompano Beach,FL,26.2428,-80.1312,111202,1787.0,0.666381548055238
414,West Palm Beach,FL,26.7469,-80.132,111006,796.0,0.6662803722134466
415,Abilene,TX,32.4543,-99.7384,110993,451.0,0.6662736552549077
416,Everett,WA,47.9525,-122.1669,110840,1289.0,0.6661945426508125
417,Miami Gardens,FL,25.9433,-80.2426,110767,2346.0,0.6661567576240423
418,Gresham,OR,45.5021,-122.4413,110456,1817.0,0.6659955035370764
419,El Centro,CA,32.7865,-115.5595,110434,1430.0,0.6659840793064978
420,Richmond,CA,37.9477,-122.3389,110051,1413.0,0.6657848283133477
421,Inglewood,CA,33.9566,-118.3444,109309,4654.0,0.6653968312333723
422,Salisbury,MD,38.3756,-75.5865,108982,920.0,0.6652250037695011
423,Broken Arrow,OK,36.038,-95.7806,108875,667.0,0.6651686669108958
424,San Buenaventura,CA,34.2741,-119.2314,108467,1913.0,0.664953340477453
425,Sandy Springs,GA,33.9366,-84.3703,108180,1109.0,0.6648013872936165
426,Hillsboro,OR,45.5273,-122.936,108026,1624.0,0.6647196851624256
427,Sioux City,IA,42.4959,-96.3901,107932,545.0,0.664669757766255
428,Jacksonville,NC,34.7289,-77.3941,107890,589.0,0.6646474357245069
429,Meridian,ID,43.6116,-116.3977,107787,1186.0,0.6645926567677957
430,Lewisville,TX,33.0454,-96.9815,107740,1124.0,0.664567643149752
431,Bend,OR,44.0563,-121.3095,107460,1114.0,0.6644183993346372
432,Daly City,CA,37.6862,-122.4685,107197,5418.0,0.6642778621518889
433,Highlands Ranch,CO,39.5419,-104.9708,107017,1702.0,0.6641814781200223
434,Jurupa Valley,CA,34.001,-117.4706,106646,958.0,0.6639823074625093
435,Temple,TX,31.1068,-97.3891,106332,415.0,0.6638131950242344
436,Logan,UT,41.7399,-111.8422,106319,1109.0,0.6638061827925551
437,Kailua,HI,21.392,-157.7396,106260,1882.0,0.6637743472690372
438,West Covina,CA,34.0555,-117.9113,105808,2547.0,0.6635298667354245
439,Davie,FL,26.0789,-80.287,105594,1168.0,0.6634137525812484
440,Columbia,MD,39.2004,-76.859,105412,1274.0,0.6633148159716028
441,League City,TX,29.4874,-95.1087,105410,793.0,0.6633137278074884
442,Mandeville,LA,30.3751,-90.0904,105097,681.0,0.6631431751666106
443,San Tan Valley,AZ,33.1786,-111.5629,104936,534.0,0.6630552488746553
444,Turlock,CA,37.5053,-120.8588,104719,1660.0,0.6629365258376306
445,Norwalk,CA,33.9069,-118.0829,104524,4157.0,0.6628296291785782
446,Allen,TX,33.1088,-96.6735,104040,1521.0,0.6625634420038493
447,San Germán,PR,18.0827,-67.046,103747,1270.0,0.6624016973747757
448,San Mateo,CA,37.5522,-122.3121,103619,3297.0,0.6623308941876589
449,Rialto,CA,34.1175,-117.3892,103549,1659.0,0.6622921366911934
450,Burbank,CA,34.1879,-118.3235,103411,2305.0,0.6622156522552853
451,El Cajon,CA,32.8017,-116.9604,103249,2747.0,0.662125735834426
452,Eau Claire,WI,44.8197,-91.4948,103197,807.0,0.6620968438605728
453,Sparks,NV,39.5736,-119.7161,102895,1090.0,0.6619287598302965
454,Charlottesville,VA,38.0375,-78.4855,102164,1779.0,0.6615198564371249
455,Renton,WA,47.4784,-122.1918,101871,1675.0,0.6613551374817098
456,Idaho Falls,ID,43.4871,-112.0362,101326,1004.0,0.6610474848851121
457,Vista,CA,33.1896,-117.2386,100659,2073.0,0.6606687035008696
458,Holland,MI,42.7677,-86.0984,100202,771.0,0.6604077268449665
459,Longmont,CO,40.1686,-105.1005,100146,1286.0,0.66037566538019
460,Wichita Falls,TX,33.9072,-98.5291,100005,561.0,0.6602948597255223
461,Lafayette,CO,39.9946,-105.0998,99475,1170.0,0.6599900997956814
462,Vacaville,CA,38.3587,-121.9673,99397,1292.0,0.6599451113160528
463,Spokane Valley,WA,47.6626,-117.2346,99275,1016.0,0.6598746738775151
464,La Crosse,WI,43.8241,-91.2268,99227,916.0,0.6598469370559948
465,Carmel,IN,39.965,-86.146,99130,779.0,0.6597908445851943
466,Boca Raton,FL,26.3752,-80.108,98776,1307.0,0.6595856692757678
467,Longview,TX,32.5193,-94.7622,98775,568.0,0.6595850886435894
468,Kingsport,TN,36.5224,-82.5454,98767,394.0,0.6595804433745318
469,South Fulton,GA,33.6273,-84.58,98586,446.0,0.6594752434817941
470,Beaverton,OR,45.4779,-122.8168,98567,1941.0,0.6594641891996452
471,Rio Rancho,NM,35.2873,-106.6982,97976,365.0,0.6591192746283397
472,Prescott Valley,AZ,34.598,-112.3185,97901,435.0,0.659075355048808
473,Orem,UT,40.2981,-111.6994,97883,2030.0,0.6590648093432339
474,Edinburg,TX,26.3196,-98.1597,97734,843.0,0.6589774397947956
475,San Angelo,TX,31.4424,-100.4504,97481,650.0,0.6588287819226275
476,Portsmouth,NH,43.058,-70.7826,97455,528.0,0.6588134829723482
477,Tracy,CA,37.7269,-121.4523,97372,1364.0,0.6587646166890548
478,Federal Way,WA,47.3091,-122.3358,96812,1676.0,0.6584338238335622
479,Lawrence,KS,38.9597,-95.2642,96694,1100.0,0.6583638770162126
480,Manteca,CA,37.7927,-121.2264,96553,1463.0,0.6582801844736015
481,San Marcos,CA,33.135,-117.1743,96219,1525.0,0.6580814453908085
482,Sandy,UT,40.5709,-111.8506,96137,1536.0,0.658032547686024
483,Riverview,FL,27.8227,-82.3023,95849,801.0,0.6578604783090465
484,Compton,CA,33.893,-118.2274,95804,3688.0,0.6578335457740453
485,Brockton,MA,42.0821,-71.0242,95740,1732.0,0.6577952199262471
486,Santa Fe,NM,35.6619,-105.9819,95498,624.0,0.6576500683562542
487,Hanford,CA,36.3274,-119.6549,95459,1272.0,0.6576266417508239
488,Middletown,OH,39.5033,-84.3659,95296,720.0,0.6575286268482176
489,Hesperia,CA,34.3975,-117.3147,95163,505.0,0.6574485272118022
490,Portsmouth,VA,36.8468,-76.354,94961,1101.0,0.6573266577416383
491,South Gate,CA,33.9447,-118.1926,94905,5063.0,0.6572928262480373
492,Roswell,GA,34.0391,-84.3513,94884,899.0,0.6572801342910403
493,Sunrise,FL,26.1547,-80.2997,94657,2256.0,0.6571427607066316
494,Bowling Green,KY,36.9716,-86.4378,94555,684.0,0.6570809260618188
495,Lee's Summit,MO,38.9171,-94.3816,94520,598.0,0.6570596929193782
496,Slidell,LA,30.2887,-89.7828,94498,713.0,0.6570463423480277
497,Blacksburg,VA,37.23,-80.4279,94398,868.0,0.6569856187338824
498,Quincy,MA,42.2506,-71.0187,94389,2199.0,0.6569801504537152
499,Plantation,FL,26.1259,-80.2617,94366,1675.0,0.656966173590773
